
USE  LEARNERS_ACADEMY;
SET SQL_MODE = "NO_AUTO_VALUE_ON_ZERO";
START TRANSACTION;
SET time_zone = "+00:00";


/*!40101 SET @OLD_CHARACTER_SET_CLIENT=@@CHARACTER_SET_CLIENT */;
/*!40101 SET @OLD_CHARACTER_SET_RESULTS=@@CHARACTER_SET_RESULTS */;
/*!40101 SET @OLD_COLLATION_CONNECTION=@@COLLATION_CONNECTION */;
/*!40101 SET NAMES utf8mb4 */;

--
-- Database: `administrative-portal`
--

-- --------------------------------------------------------

--
-- Table structure for table `classes`
--

CREATE TABLE `classes` (
  `id` int(11) NOT NULL,
  `section` int(55) NOT NULL,
  `teacher` int(11) NOT NULL,
  `subject` int(11) NOT NULL,
  `time` varchar(44) NOT NULL
) ENGINE=InnoDB DEFAULT CHARSET=utf8mb4;

--
-- Dumping data for table `classes`
--

INSERT INTO `classes` (`id`, `section`, `teacher`, `subject`, `time`) VALUES
(1, 1, 1, 1, '9:00'),
(2, 3, 2, 2, '11:30');

-- --------------------------------------------------------

--
-- Table structure for table `students`
--

CREATE TABLE `students` (
  `id` int(11) NOT NULL,
  `fname` varchar(55) NOT NULL,
  `lname` varchar(55) NOT NULL,
  `age` int(11) DEFAULT NULL,
  `class` int(11) NOT NULL
) ENGINE=InnoDB DEFAULT CHARSET=utf8mb4;

--
-- Dumping data for table `students`
--

INSERT INTO students values (`id`, `fname`, `lname`, `age`, `class`) ,
(1, 'Anees', 'Hyaudin', 20, 1),
(2, 'Aarthy', 'Vignesh', 23, 2),
(4, 'Hairun', 'Aashiq', 21, 1),
(5, 'Hajira', 'Faiz', 18, 2),
(6, 'Haritha', 'Vijay', 24, 1),
(7, 'Nabila', 'Madhar', 24, 2);

-- --------------------------------------------------------

--
-- Table structure for table `subjects`
--

CREATE TABLE `subjects` (
  `id` int(11) NOT NULL,
  `name` varchar(55) NOT NULL,
  `shortcut` varchar(50) NOT NULL
) ENGINE=InnoDB DEFAULT CHARSET=utf8mb4;

--
-- Dumping data for table `subjects`
--

INSERT INTO subjects values(`id`, `name`, `shortcut`),
(1, 'English', 'ENG'),
(2, 'History', 'HIS');

-- --------------------------------------------------------

--
-- Table structure for table `teachers`
--

CREATE TABLE `teachers` (
  `id` int(11) NOT NULL,
  `fname` varchar(55) NOT NULL,
  `lname` varchar(55) NOT NULL,
  `age` varchar(11) DEFAULT NULL
) ENGINE=InnoDB DEFAULT CHARSET=utf8mb4;

--
-- Dumping data for table `teachers`
--

INSERT INTO teachers values(`id`, `fname`, `lname`, `age`),
(1, 'krishna', 'kumar', '55'),
(2, 'shri', 'karan', '36');

-- Indexes for dumped tables
--

--
-- Indexes for table `classes`
--
ALTER TABLE `classes`
  ADD PRIMARY KEY (`id`),
  ADD KEY `subject_id` (`subject`),
  ADD KEY `teacher_id` (`teacher`);

--
-- Indexes for table `students`
--
ALTER TABLE `students`
  ADD PRIMARY KEY (`id`),
  ADD KEY `class_id` (`class`);

--
-- Indexes for table `subjects`
--
ALTER TABLE `subjects`
  ADD PRIMARY KEY (`id`);

--
-- Indexes for table `teachers`
--
ALTER TABLE `teachers`
  ADD PRIMARY KEY (`id`);

--
-- AUTO_INCREMENT for dumped tables
--

--
-- AUTO_INCREMENT for table `classes`
--
ALTER TABLE `classes`
  MODIFY `id` int(11) NOT NULL AUTO_INCREMENT, AUTO_INCREMENT=3;

--
-- AUTO_INCREMENT for table `students`
--
ALTER TABLE `students`
  MODIFY `id` int(11) NOT NULL AUTO_INCREMENT, AUTO_INCREMENT=8;

--
-- AUTO_INCREMENT for table `subjects`
--
ALTER TABLE `subjects`
  MODIFY `id` int(11) NOT NULL AUTO_INCREMENT, AUTO_INCREMENT=3;

--
-- AUTO_INCREMENT for table `teachers`
--
ALTER TABLE `teachers`
  MODIFY `id` int(11) NOT NULL AUTO_INCREMENT, AUTO_INCREMENT=3;

--
-- Constraints for dumped tables
--

--
-- Constraints for table `classes`
--
ALTER TABLE `classes`
  ADD CONSTRAINT `subject_id` FOREIGN KEY (`subject`) REFERENCES `subjects` (`id`),
  ADD CONSTRAINT `teacher_id` FOREIGN KEY (`teacher`) REFERENCES `teachers` (`id`);

--
-- Constraints for table `students`
--
ALTER TABLE `students`
  ADD CONSTRAINT `class_id` FOREIGN KEY (`class`) REFERENCES `classes` (`id`);
COMMIT;

/*!40101 SET CHARACTER_SET_CLIENT=@OLD_CHARACTER_SET_CLIENT */;
/*!40101 SET CHARACTER_SET_RESULTS=@OLD_CHARACTER_SET_RESULTS */;
/*!40101 SET COLLATION_CONNECTION=@OLD_COLLATION_CONNECTION */;

